21.805,22.59,6.52,26.596,15.485,9.135,17.229,7.04,9.521,8.251,10.071,14.2,7.324,15.152,21.447,11.59,9.62,8.745,9.734,6.72,141.98,13.35,30.888,18.555,26.401,44.365,7.288,25.467,18.474,29.731,6.05,9.291,8.649,17.13
21.508,23.37,6.525,27.035,15.188,8.686,17.249,7.04,9.422,8.331,9.992,14.34,7.371,15.198,21.287,11.8,9.75,8.883,9.983,6.66,141.77,13.35,31.004,18.555,26.04,43.897,7.19,25.613,18.616,29.282,5.9,9.273,8.659,17.299
21.617,23.14,6.55,27.035,15.108,8.791,17.587,7.04,9.372,8.281,9.992,14.32,7.295,15.152,20.698,11.8,9.601,9.071,10.072,6.87,142.08,13.35,30.92,18.575,26.99,43.051,7.205,25.344,18.641,29.512,5.83,9.319,8.659,17.349
22.004,23.12,6.935,26.606,15.221,8.881,17.338,7.04,9.322,8.271,10.031,14.43,7.544,15.185,20.388,11.67,9.79,9.338,10.63,6.92,143.26,13.35,31.749,18.803,27.73,43.479,7.283,25.628,19.073,30.288,5.91,9.31,8.668,17.827
21.706,23.15,6.865,26.426,15.54,8.971,16.961,7.74,9.207,8.351,10.1,14.32,7.371,15.291,20.808,12,9.77,9.318,11.46,6.84,143.32,13.35,31.776,18.754,27.56,43.19,7.2,25.221,18.807,30.249,5.86,9.282,8.668,17.269
21.18,22.77,6.925,26.237,14.23,8.861,16.901,8.51,9.317,8.481,10.031,14.19,7.382,15.078,21.087,11.92,9.65,9.388,11.25,6.87,144.16,13.35,31.179,18.674,25.34,42.05,7.146,25.114,18.774,31.07,5.82,9.291,8.649,16.841
22.063,22.95,7.045,26.486,14.28,8.826,16.693,9.36,9.611,8.989,10.278,14.36,8.122,14.918,22.497,11.91,9.78,9.902,11.25,6.74,142.18,13.35,30.892,18.674,26.3,41.5,7.18,25.221,18.724,31.01,5.82,9.245,8.649,17.778
21.805,22.16,6.855,26.576,14.11,9.235,16.563,10.07,9.482,8.69,9.953,14.37,8.287,14.719,23.146,11.91,9.63,10.011,10.8,6.74,141.24,13.35,30.681,18.674,26.7,40.79,7.039,24.307,18.815,29.56,6.12,9.097,8.525,17.1
22.182,22.14,6.9,24.93,13.55,9.425,15.987,10.3,9.825,8.76,9.972,14.5,8.234,14.319,22.836,11.9,9.5,9.763,10.79,6.74,141.04,13.35,30.617,19.648,26.4,40.3,6.946,24.292,18.907,29.74,6.38,9.078,8.525,17.26
21.458,22.36,6.68,24.691,13.66,9.69,16.126,10.03,9.965,8.85,10.1,14.64,8.093,14.446,22.487,11.76,9.6,10.04,10.55,6.74,141.87,13.35,30.669,19.429,26.77,40,6.922,24.515,18.782,29.91,6.58,9.106,8.544,17.97
21.458,23.01,6.78,24.84,13.94,10.034,16.603,11,10.15,8.79,10.376,14.66,8.904,14.545,22.856,12.25,9.7,10.753,10.73,7.41,149.77,13.35,30.876,19.648,26.99,40.8,6.956,24.837,18.3,30.01,6.44,9.124,8.601,19.09
21.656,22.96,6.575,24.93,13.9,9.52,16.931,9.9,9.885,8.65,10.366,15.09,9.18,14.399,22.287,12.5,9.69,10.723,10.5,7.23,153.81,13.35,31.98,19.518,26.86,41.28,7.068,25.021,18.599,29.57,6.85,9.198,8.611,18.71
21.607,22.34,6.6,24.571,13.67,9.235,17.03,9.9,9.437,8.53,10.081,14.81,9.279,14.712,22.107,12.7,9.61,10.446,10.01,7.05,154.57,13.35,31.749,19.399,26.5,39.75,7.005,24.292,19.273,29.45,6.82,9.18,8.62,18.94
21.527,21.86,6.785,24.122,13.53,9.285,16.861,9.9,9.432,8.61,10.13,14.81,9.144,14.992,21.417,12.55,9.28,10.09,9.62,7.1,153.75,13.35,31.506,19.071,25.98,40.11,6.805,24.369,19.115,28.88,6.63,9.143,8.592,18.35
21.468,21.52,6.85,23.344,13.52,9.265,16.524,9.9,9.596,8.83,10.13,14.81,9.385,14.938,20.558,12.5,9.39,10.891,9.69,7.01,160.98,13.35,32.262,19.091,26.28,40.01,6.82,24.392,18.466,28.85,6.52,9.24,8.62,19.22
21.805,22.1,7.09,23.773,13.53,9.335,16.543,9.9,9.97,8.84,10.25,14.81,9.532,15.092,20.688,12.55,9.55,10.772,9.84,6.87,160.98,13.35,34.31,19.161,25.73,39.8,6.878,24.776,18.491,29.38,6.91,9.211,8.582,19.37
22.976,22.76,7.09,23.693,13.59,9.435,16.563,9.9,9.965,8.999,10.4,14.81,10.483,15.098,20.987,13,9.55,11.178,9.7,6.98,163.2,13.35,34.302,19.518,25.9,39.96,6.903,24.945,18.79,29.01,6.86,9.395,8.659,19.98
22.828,22.8,6.95,23.673,13.07,8.946,16.295,9.9,9.85,8.69,10.27,14.81,10.542,15.438,19.808,13.01,9.47,10.891,9.5,7.04,163.89,13.35,34.366,19.28,25.95,39.8,7.027,24.684,18.632,29.39,6.77,9.434,8.678,19.76
22.679,22.43,6.87,23.813,12.87,9.036,15.977,9.9,9.87,8.76,10.13,14.42,10.049,15.205,19.069,12.58,9.47,10.921,9.34,7.06,163.53,13.35,35.107,19.28,26.34,40,7.067,24.791,18.591,29.46,6.68,9.949,8.907,19.32
22.51,22.76,7,23.942,12.57,9.016,16.345,9.9,9.576,8.75,10.58,14.18,10.26,15.291,19.199,12.81,9.43,10.931,9.45,7.08,163.88,13.35,35.139,19.538,26.79,39.8,7.146,24.799,18.616,29.18,6.7,10.037,8.974,19.4
22.431,23.09,7.055,24.77,12.94,9.061,16.504,9.9,9.716,8.8,10.63,14.59,10.677,15.311,19.808,12.82,9.58,10.861,9.76,7.2,164.25,13.35,35.039,19.886,27,40.6,7.255,24.837,18.691,28.65,6.64,10.6,9.328,19.5
22.49,22.62,7.065,25.768,13.23,9.275,16.822,9.9,9.835,8.949,10.55,14.71,11.405,15.971,20.188,12.79,9.86,10.852,9.72,7.19,161.06,13.35,34.501,19.747,27.06,41.12,7.325,24.952,18.824,28.7,6.89,10.639,9.347,19.75
21.795,22.29,7.29,25.938,13.29,9.23,16.583,9.9,9.576,8.89,10.84,14.46,11.388,16.284,20.588,12.7,9.85,11.406,10.1,7.15,158.51,13.35,35.239,20.005,27.39,41.2,7.29,25.528,18.716,28.57,6.75,10.61,9.28,19.78
21.299,22.18,7.605,25.948,13.92,9.13,17.09,9.9,9.347,8.919,10.85,14.48,11.223,16.39,20.568,13.12,10.16,11.663,10.09,7.21,160.27,13.35,35.035,19.926,27.7,41,7.325,25.382,18.682,29.12,6.8,10.756,9.366,19.76
21.706,21.66,7.27,25.588,13.77,8.891,16.603,9.9,9.367,8.68,10.54,14.23,10.842,16.184,21.187,13.75,10.16,11.603,9.85,7.32,162.98,13.35,34.764,19.946,28,41.32,7.36,25.82,18.932,29.46,7.2,10.61,9.328,19.2
21.577,21.82,7.255,25.738,13.85,8.786,16.454,9.9,9.432,8.74,10.65,14.31,10.66,16.317,22.586,14.14,10.22,11.633,9.87,7.31,164.4,13.35,34.78,20.263,28.24,41.57,7.424,25.874,19.589,29.48,7.25,10.785,9.481,19.26
21.557,22.02,7.51,25.808,14.16,8.886,16.742,9.9,9.506,8.78,10.7,14.28,10.425,16.623,22.207,14.04,10.1,11.406,9.91,7.31,166.25,13.35,34.748,20.224,29.2,41.41,7.409,25.49,19.472,28.99,7.17,10.561,9.433,18.85
21.458,23.6,7.82,26.337,14.16,9.085,16.981,9.9,9.711,8.78,10.6,14.27,10.618,17.183,21.927,14.23,10.2,11.406,9.66,7.27,163.32,13.35,34.294,20.273,28.99,40.89,7.36,25.505,19.664,28.86,7.18,10.357,9.309,19.15
22.47,24.52,8.565,25.858,14.16,9.016,16.852,9.9,9.626,8.73,10.89,14.36,10.201,16.916,21.837,14.26,10.32,11.326,9.66,7.16,160.6,13.35,34.195,19.866,28.09,40.6,7.295,25.352,19.381,28.56,7.1,10.241,9.137,18.86
22.818,24.79,9.08,26.307,14.16,9.385,17.11,9.9,9.87,8.969,10.96,14.32,10.395,16.916,21.927,14.26,10.69,11.406,9.65,7.16,162.14,13.35,33.027,19.985,28.03,41.25,7.27,25.421,19.539,28.62,7.15,10.26,9.117,19.02
23.572,24.64,9.245,26.536,14.16,9.53,17.229,9.9,9.945,9.079,11.48,14.44,10.571,17.01,22.067,14.26,10.67,11.87,10.33,7.28,163.07,13.35,33.446,20.184,28.45,41.4,7.404,25.789,19.93,29.17,7.24,10.406,9.27,20.16
23.999,24.84,9.345,26.835,14.16,9.929,18.461,9.9,9.781,9.059,11.84,14.85,10.853,16.504,22.067,14.26,10.79,11.702,10.37,7.34,162.04,13.35,33.358,20.184,28.48,41.1,7.414,26.028,19.972,28.94,7.5,10.299,9.213,20.08
23.651,24.24,9.14,26.706,14.77,10.748,18.491,9.9,9.636,9.029,12,14.69,10.853,16.524,22.267,14.26,10.75,11.326,10.25,7.24,162.49,13.35,33.326,20.194,28.15,40.7,7.538,25.989,19.814,28.69,7.75,10.28,9.184,19.66
23.373,24.27,9.19,26.317,14.52,11.107,18.173,9.9,9.571,9.119,12.41,14.62,10.959,16.583,22.267,14.26,10.7,11.277,10.3,7.2,161.46,13.35,33.031,20.204,28.02,40.33,7.459,25.782,19.406,28.08,7.62,10.192,9.175,19.09
23.056,25,9.03,26.526,14.62,11.142,18.322,9.9,9.646,9.159,12.15,14.66,10.842,17.769,22.267,14.26,10.85,11.406,10.43,7.29,161.54,13.35,33.565,20.879,28.29,40.75,7.543,26.212,19.68,27.32,7.68,10.221,9.251,19.09
23.115,24.75,9.105,27.205,14.99,11.067,18.411,9.9,9.477,9.219,12.7,14.84,10.83,18.368,22.267,14.26,11.18,11.465,10.52,7.47,159.75,13.35,33.737,20.959,28.77,41.53,7.524,26.696,20.213,27.7,7.72,10.221,9.289,19.31
23.989,24.15,9.145,27.195,14.76,11.232,18.411,9.9,9.576,9.099,12.52,14.71,11.018,18.255,22.267,14.26,11.24,11.989,10.45,7.47,158.68,13.35,34.127,21.157,28.47,41.82,7.469,26.604,20.063,27.66,7.72,10.221,9.28,19.78
23.612,24.26,9,28.073,14.47,11.027,18.183,9.9,9.671,9.009,12.33,14.75,10.407,18.248,22.267,14.26,11.16,11.89,10.33,7.41,162,13.35,33.908,21.137,28.24,41.28,7.414,26.327,20.704,28.16,7.95,10.114,9.213,19.77
22.986,24.95,8.89,27.963,14.88,10.838,17.935,9.9,9.526,8.89,12.54,14.7,9.826,18.475,24.156,14.26,11.08,11.752,10.26,7.57,159.97,13.35,33.565,20.959,27.8,41.21,7.384,26.488,21.169,27.74,8.14,10.017,9.079,19.3
23.234,26.9,9.49,27.763,14.75,10.833,18.332,9.9,9.511,9.029,13.5,15.29,9.685,18.648,24.395,14.26,11.15,12.187,10.27,7.85,159.27,13.35,33.462,20.969,28.14,41.66,7.38,26.45,21.103,27.78,8.24,10.066,9.117,19.11
22.699,26.04,9.575,27.394,14.67,11.916,18.352,8.96,9.561,9.109,14.26,15.1,9.755,18.488,22.976,14.26,10.76,12.395,10.8,7.94,158.75,13.35,33.035,20.959,27.71,42.59,7.31,26.35,21.835,28.16,8.44,9.949,9.022,19.11
22.44,25.85,9.4,26.716,14.45,11.432,18.66,8.66,9.412,8.79,13.7,14.7,9.714,18.175,22.497,14.26,10.79,12.751,10.51,7.97,157.72,13.35,32.661,20.79,27.13,42,7.236,26.465,21.119,27.38,8.11,9.969,9.041,18.54
22.272,25.52,9.4,26.756,14.38,11.606,19.574,8.71,9.656,8.79,14.64,14.88,9.878,18.248,23.326,15.39,10.97,13.295,10.56,7.96,156.37,13.35,32.737,21.167,27.51,43.14,7.186,26.028,21.153,27.33,8.17,9.978,9.031,18.58
22.351,25.36,9.165,26.287,14.35,11.487,19.375,8.31,9.397,8.82,14.6,14.65,9.661,17.949,22.886,14.95,10.91,13.087,10.93,7.54,156.02,13.35,32.298,21.147,27.1,42.58,7.206,26.02,21.793,26.96,8.11,9.872,8.945,18.6
22.728,26.2,9.235,27.404,14.6,11.781,19.634,8.27,9.556,8.85,14.31,15.1,9.608,18.608,23.166,14.8,11.11,13.265,10.97,7.61,158.23,13.35,32.589,21.435,27.54,42.73,7.245,25.997,22.301,27.2,8.09,10.027,9.051,18.92
22.897,26.31,9.47,27.644,14.68,12.006,20.17,8.27,9.84,9.079,14.13,15.16,9.943,18.715,23.846,14.7,11.28,13.137,10.99,7.73,158.45,13.35,32.856,21.733,27.54,42.68,7.29,26.181,22.459,27.02,8.13,10.017,9.07,19.11
23.473,27.1,9.475,27.933,14.86,11.946,20.428,8.27,10.045,9.129,14.25,15.34,10.131,18.528,23.986,14.77,11.12,13.147,11.21,7.76,162.56,13.35,33.075,21.704,27.54,42.89,7.365,26.173,22.459,27.55,8.21,10.163,9.175,19.35
23.324,28.26,10.345,27.873,15,11.941,20.061,9.1,10.209,10.047,14.54,15.46,10.09,18.462,24.006,15.45,11.08,13.453,11.12,7.78,164.82,13.35,33.278,21.952,28.83,42.97,7.424,26.496,22.168,27.57,8.12,10.25,9.251,19.31
23.344,28.01,10.185,27.783,14.97,11.941,20.031,9.82,10.12,10.735,14.3,15.84,10.037,18.502,25.035,15.17,11.28,13.285,11.06,7.83,165.06,13.35,33.988,21.873,28.83,42.96,7.464,26.35,21.777,27.57,7.98,10.289,9.28,19.32
23.234,27.49,10.25,28.611,15.04,11.941,20.14,9.6,9.945,10.626,14.37,15.66,9.837,18.415,24.915,15,11.42,13.018,11.29,7.78,167.51,13.35,34.003,21.654,29.42,43.84,7.489,26.427,21.444,27.58,8.31,10.318,9.309,19.18
23.612,26.72,10.365,28.631,14.89,11.941,20.041,9.93,10.105,10.765,13.79,15.8,10.225,18.994,25.555,14.8,12.25,13.097,11.25,7.72,164.08,13.35,33.685,21.485,29.51,43.62,7.618,26.089,21.835,28,8.58,10.192,9.27,19.8
23.195,26.92,10.09,27.883,14.92,11.941,19.107,9.8,10.174,10.735,14.61,16.58,10.436,18.914,26.894,14.93,12.08,13.236,11.12,7.91,163.91,13.35,33.537,21.753,29.36,43.52,7.533,26.081,21.585,27.82,8.67,10.076,9.165,19.64
22.728,27.15,10.235,28.053,14.78,11.941,19.375,9.91,10.638,10.755,14.73,16.3,10.29,18.661,26.764,14.86,13.15,13.028,11.16,7.77,161.98,13.35,33.434,21.714,28.9,42.66,7.429,25.782,21.544,27.83,9.23,10.066,9.175,19.29
22.996,27.54,10.26,27.554,14.79,11.941,19.455,10.1,11.471,10.875,14.28,16.44,10.331,19.021,26.884,14.93,13.45,13.077,11.23,7.82,162.45,13.35,33.486,21.753,30.52,42.82,7.504,26.043,21.918,27.72,9.29,10.076,9.175,19.29
22.957,26.64,10.345,27.414,14.95,12.205,20.051,10.26,11.466,11.723,14.4,16.16,10.201,19.434,29.442,15.2,13.38,13.938,11.26,8.1,159.41,13.35,33.749,21.992,31.5,42.59,7.598,26.005,21.619,27.56,9.4,10.017,9.175,19.13
21.716,25.48,9.725,26.975,14.34,11.432,19.087,9.76,11.067,11.494,13.74,15.51,9.649,18.635,28.563,14.65,12.98,13.008,10.72,7.72,157.46,13.35,32.936,21.267,30.2,41.92,7.489,26.058,21.469,27.79,8.81,9.94,9.194,18.08
21.438,25.67,9.9,27.085,14.13,11.172,19.117,9.98,10.992,11.683,13.5,15.74,9.362,18.974,28.673,14.39,13.57,13.839,10.79,7.65,158.23,14.69,33.039,21.257,30.82,42.3,7.479,27.341,21.602,28.74,8.6,9.959,9.146,17.63
21.488,25.91,9.89,27.165,14.55,10.633,19.077,9.97,11.047,11.663,13.4,15.68,9.409,19.101,28.873,14.87,14.08,13.76,11.21,7.66,159.25,16.16,32.956,21.326,31.76,43.1,7.519,28.163,21.718,28.89,8.63,9.998,9.299,17.88
21.289,26.79,9.88,27.334,14.75,11.382,19.355,10.01,11.964,11.863,14.74,15.81,9.532,19.001,30.492,14.77,14,14.126,11.35,7.74,160.85,17.78,33.123,22.101,32.7,43.04,7.628,28.477,22.4,28.88,8.78,10.046,9.414,18.06
21.18,26.79,9.505,27.524,14.83,11.337,19.276,9.79,11.66,11.573,14.51,15.45,9.444,18.961,29.482,14.48,14.04,14.225,11.17,7.55,156.94,19.56,32.466,23.601,32.4,42.2,7.673,28.285,22.043,28.9,8.54,9.803,9.184,17.42
21.607,26.79,9.455,27.923,14.86,11.122,19.663,9.79,11.914,11.454,14.51,15.66,9.591,19.134,29.362,14.51,13.55,14.462,11.22,7.71,157.48,19.19,32.756,23.7,32.53,42.51,7.707,29,21.81,28.89,8.56,9.833,9.203,17.45
21.637,26.79,9.69,27.963,14.87,11.077,19.802,9.96,12.213,11.613,14.57,15.85,9.896,18.848,29.552,14.63,13.57,14.423,11.25,7.84,160.19,18.85,33.111,23.641,33.02,42.75,7.916,29.253,21.901,28.86,8.84,10.037,9.328,17.84
21.646,26.79,9.82,27.624,14.77,11.227,20.001,10.49,12.104,12.391,14.43,15.74,9.984,18.788,31.421,14.67,13.5,14.561,11.56,7.83,162.19,18.97,33.031,24.942,32.29,43.02,7.906,28.815,22.001,28.06,8.89,9.959,9.28,17.71
21.388,26.79,9.69,27.155,14.68,10.818,19.723,10.43,11.919,12.721,14.94,15.55,10.014,19.953,31.071,14.87,13.44,15.471,11.45,8,162.31,18.68,32.956,24.723,32.59,42.95,7.911,28.977,22.259,27.51,8.9,9.91,9.289,17.46
21.408,26.79,9.84,27.235,15.01,10.453,19.286,10.48,11.924,13.519,15.62,15.7,10.301,20.646,32.561,14.72,13.53,16.638,11.54,8.01,162.47,19.65,33.063,25.17,32.45,42.43,8,28.846,22.375,27.64,9.17,9.949,9.328,17.7
21.428,26.79,10.04,27.484,15.44,10.713,19.425,10.36,11.8,13.459,16.1,15.8,10.266,20.726,33.78,14.68,13.55,16.629,11.39,8.04,162.13,21.13,32.988,24.783,31.82,42.4,7.956,28.47,23.124,27.62,9.18,9.93,9.318,18.06
21.934,26.79,10.075,27.454,15.59,11.037,18.501,10.33,12.363,13.389,17.71,16.13,10.078,20.906,34.769,15.21,14.65,16.609,11.5,8.36,160.73,21.91,35.35,25.071,32.47,44.8,8.03,29.952,23.665,28.4,9.36,10.046,9.404,18.25
22.034,26.79,9.895,27.853,15.37,11.302,18.66,10.39,11.934,13.898,18.5,16.05,10.9,21.758,33.88,14.85,14.84,16.441,12.08,8.35,160.01,21.38,34.545,26.154,31.82,44.22,7.936,29.868,23.79,28.09,9.28,10.037,9.414,18.83
21.716,26.79,9.7,27.673,15.22,10.972,18.322,11.43,11.844,13.289,17.9,15.75,10.724,21.758,33.68,14.43,14.92,17.39,12.2,8.35,159.02,20.7,34.589,26.64,32.12,44.1,7.941,29.737,23.407,27.73,8.81,9.978,9.395,18.56
21.2,26.79,9.52,27.284,14.99,11.576,17.825,11.69,11.889,12.95,17.25,15.57,10.912,21.758,32.97,14.1,14.72,18.073,11.97,8.29,156.1,20.81,35.446,26.859,31.96,44.74,7.941,30.39,24.089,27.81,8.41,9.862,9.299,18.59
20.247,26.38,9.565,27.055,14.84,11.362,18.014,11.99,11.715,13.24,17.08,15.19,10.419,21.758,32.361,14.15,14.25,17.588,12.01,8.15,154.91,21.46,35.438,26.323,31.33,44.18,8.065,29.852,23.523,28.18,8.45,9.852,9.289,18.37
20.436,26.19,9.42,27.175,14.94,11.457,17.766,11.9,11.849,13.14,17.15,15.3,10.166,21.758,32.001,14.29,14.41,17.212,11.89,8.44,157.32,20.89,37.338,27.922,30.84,45.5,8.214,29.914,23.557,28.83,8.48,9.881,9.356,18.72
19.354,25.1,9.25,26.826,14.5,11.002,17.378,11.45,11.989,12.9,16.75,15.08,9.861,21.758,32.021,13.92,14.54,16.203,11.72,8.34,157.32,19.66,36.936,27.534,31.4,45.78,8.08,29.107,23.54,28.58,8.93,9.881,9.452,18.16
19.652,25.38,9.46,27.215,14.55,10.768,17.537,11.01,12.134,12.89,16.55,15.02,9.573,21.758,30.911,13.82,14.45,16.441,11.19,8.99,158.38,20.28,37.513,26.988,30.84,45.28,8.07,29.391,23.723,28.28,8.84,9.852,9.414,18.2
20.515,25.46,9.46,27.215,14.81,10.977,17.537,11.58,12.836,13.379,16.66,15.3,9.779,21.758,31.181,14.25,15.2,17.153,11.15,9.29,156.92,20.79,37.98,27.733,31.2,45.73,8.179,28.977,23.507,28.66,8.71,9.949,9.461,18.31
19.929,24.79,9.14,27.215,14.67,11.182,17.537,11.79,12.577,13.279,15.97,15.05,9.544,21.758,30.672,14.65,15.07,16.648,11.39,9.11,158.46,20.42,36.466,27.197,30.91,44.4,8.09,29.622,23.041,28.06,8.56,9.842,9.347,18
19.701,24.98,9.085,27.773,14.43,10.933,17.537,11.05,12.428,12.87,15.5,14.78,9.45,21.758,31.181,14.21,15.25,15.441,11.1,8.82,159.08,20.12,35.45,26.521,30.86,43.99,7.896,29.338,22.317,27.62,8.55,9.881,9.347,17.77
19.413,24.72,9.105,27.125,14.57,10.783,17.537,10.47,12.861,12.242,14.5,14.53,9.508,21.758,30.702,14.04,15.36,15.59,11.22,8.93,159.05,19.73,35.617,26.104,30.4,44.34,7.658,29.092,22.326,26.94,8.41,9.94,9.318,18.17
19.205,25.05,9.105,27.264,15,10.793,17.537,10.3,12.592,12.501,14.48,14.41,9.655,21.758,31.201,14.03,15.1,15.174,11.42,9.16,158.88,20.19,34.888,25.925,30.38,42.08,7.742,29.207,22.334,27.06,8.45,9.949,9.251,18.07
19.463,24.89,9.425,26.726,14.77,11.002,17.537,10.83,12.921,12.362,14.9,14.57,9.649,21.758,32.96,14.4,14.72,15.689,11.62,9,157.5,21.03,35.163,26.849,30.68,41.69,7.762,29.944,23.008,27.26,8.47,9.726,9.051,17.97
19.999,25.83,9.755,27.135,15.15,11.102,17.537,11.25,13.484,13.08,15.33,14.89,9.925,21.758,33.06,14.99,14.81,16.005,11.85,9.6,158.74,22,35.633,27.316,31.53,41.89,7.861,30.275,23.182,27.47,8.5,9.862,9.165,18.59
19.85,26.27,9.755,27.165,15.3,11.242,17.537,11.44,13.674,13.329,15.16,15.02,10.219,21.758,32.83,15.06,14.86,16.599,11.98,9.61,158.3,22.2,35.573,27.286,31.73,42.28,7.851,30.298,23.041,27.49,9.25,9.988,9.27,19.14
20.118,25.86,9.755,26.756,15.14,11.162,17.537,11.35,13.44,13.16,15.49,14.98,10.113,21.758,32.95,14.95,15.18,16.352,11.9,9.85,155.42,21.86,35.027,27.654,31.65,42.53,7.901,30.39,24.122,28.27,9.16,10.153,9.375,18.79
20.604,25.28,9.755,26.945,14.99,11.177,17.537,11.46,13.664,12.651,14.98,14.78,9.849,21.758,30.562,14.62,15.16,16.164,11.72,9.78,156.68,23.28,35.215,27.365,31.58,42.59,7.926,29.914,23.79,27.9,9.13,10.552,9.748,18.74
20.565,24.99,9.755,27.594,15.08,11.307,17.537,12.3,14.068,12.801,15.02,14.84,9.79,21.758,30.182,14.79,14.88,16.371,12.1,10.09,155.58,23.28,35.147,26.67,31.52,42.23,7.926,29.722,23.39,27.67,9.26,10.454,9.71,17.63
20.575,25.16,9.755,27.644,14.88,10.923,18.292,12.12,14.796,12.551,14.95,14.66,9.485,21.758,29.982,14.14,15.13,16.52,12.03,9.77,151.39,22.5,34.326,26.829,30.87,41.39,7.822,29.484,23.041,27.61,9.14,10.348,9.624,17.25
20.585,25.55,9.755,27.414,14.68,10.977,17.795,12.24,14.526,12.571,15.21,14.76,9.567,21.758,29.812,14.06,15.2,16.46,11.98,9.66,146.15,22.98,33.629,26.432,30.64,41.59,7.712,29.637,23.548,27.74,9.07,10.192,9.547,17.28
20.168,24.99,9.755,27.554,14.91,10.982,17.627,12.45,14.756,12.691,15.48,14.83,9.532,21.758,30.772,13.99,15.28,17.113,12.17,9.5,147.15,22.89,33.219,26.561,31,42.41,7.717,30.029,23.54,27.41,9.19,10.182,9.586,17.15
20.426,25.67,9.755,27.344,14.6,10.673,17.537,12.33,13.609,12.681,15.41,14.66,9.497,20.746,31.281,13.77,15.85,17.212,12.27,9.44,148.04,22.71,33.784,26.154,30.6,42,7.702,29.269,23.249,27.01,9.25,10.289,9.729,17.17
20.446,25.61,9.755,26.726,14.72,10.234,17.388,12.44,13.131,12.471,15.46,14.53,9.55,21.765,29.982,13.73,15.79,17.252,12.3,9.5,153.77,22.58,34.964,25.925,30.71,42.65,7.802,29.176,23.207,27.21,9.39,10.513,10.083,17.24
20.247,25.41,9.755,25.778,14.22,9.834,16.693,12.7,12.393,11.943,14.38,14.25,9.115,21.545,28.903,13.56,15.4,15.877,11.81,9.05,153.35,22.94,34.625,25.2,30.1,41.81,7.563,29.445,22.692,26.04,9.06,10.727,10.436,16.89
19.969,25.21,9.755,25.928,14.4,9.909,16.772,13.33,12.707,12.072,14.49,14.38,9.144,22.045,28.383,14,16.22,15.689,12.49,9.26,152.89,22.65,35.019,25.727,30.48,42,7.628,30.198,22.367,25.67,9.03,10.707,10.561,16.98
20.495,24.49,9.755,25.439,14.21,9.685,16.295,13.51,12.074,11.943,13.6,14.28,8.751,21.525,27.534,14.82,16.41,16.302,12.37,8.98,151.58,21.94,34.366,25.647,30.36,41.39,7.489,29.399,22.434,25.88,8.7,10.629,10.455,16.9
20.207,24.62,9.755,25.419,14.25,9.714,16.325,13.75,12.428,12.042,13.73,14.18,8.915,21.006,28.233,14.47,16.3,16.302,12.49,9.29,157.29,21.96,36.195,25.508,31.15,41.73,7.578,29.322,22.176,25.76,8.85,10.552,10.417,17.17
20.654,24.88,9.755,25.479,14.38,10.289,16.543,13.75,12.687,12.042,14.55,14.24,9.039,21.312,29.742,14.18,16.54,16.302,12.86,9.28,160.05,22.22,35.673,26.71,31.89,41.6,7.653,29.03,22.758,26.24,8.86,10.396,10.274,17.14
21.021,25.17,9.755,25.818,14.3,9.934,16.494,13.75,13.091,11.883,15.02,14.36,8.927,21.112,29.832,14.55,17.08,16.302,12.62,9.58,155.65,22.07,34.828,26.422,32,41.45,7.692,29.215,22.708,25.95,8.6,10.25,9.987,17.14
20.932,25.18,9.755,25.818,14.18,10.019,16.881,13.75,13.096,12.222,15.41,14.24,9.068,21.172,29.512,14.8,17.88,16.302,12.56,9.58,153.07,21.93,34.669,25.965,33.29,41.13,7.643,29.437,22.326,25.96,8.75,10.221,10.006,17.05
20.912,25.25,9.755,25.339,13.86,9.984,16.573,13.75,12.916,12.292,16.03,14.27,9.062,21.166,29.233,14.7,17.68,16.302,13.17,9.57,150.68,22.02,34.533,26.313,32.83,41.4,7.558,28.6,22.051,25.55,8.64,10.25,10.102,17.08
21.508,25.69,9.755,25.389,13.89,10.189,16.325,13.75,13.26,12.272,15.85,14.51,9.285,21.279,30.152,14.57,18.04,16.302,13.18,9.71,153.13,22.91,34.697,26.988,32.75,41.45,7.648,28.6,22.126,25.23,8.57,10.396,10.312,17.22
22.073,26.16,9.755,25.389,13.92,9.844,16.772,13.75,12.841,12.97,15.55,14.6,9.503,21.345,30.612,14.73,18.23,16.302,13.34,9.81,153.95,23.48,34.625,27.117,33.27,41.48,7.673,27.878,21.793,25.15,9.2,10.406,10.379,17.57
22.053,25.96,9.755,26.506,14.41,9.839,17.219,13.75,12.856,12.87,16.05,15.31,9.691,22.318,31.521,14.53,19.15,16.302,14.24,9.74,154.64,25.03,34.788,27.117,33.77,41.96,7.807,28.093,22.101,25.89,9.11,10.522,10.589,17.83
22.421,26.23,9.755,26.536,14.26,9.974,17.09,13.75,12.981,12.86,16.2,15.6,9.591,22.424,32.91,14.11,19,16.302,14.17,9.85,155.95,24.88,35.633,27.177,32.87,41.63,7.792,27.855,22.276,26.1,8.86,10.727,10.819,17.72
22.49,26.45,9.755,26.526,14.25,9.744,17.199,13.75,12.961,12.501,16.06,15.4,9.62,22.018,32.161,14.06,19.09,16.302,13.92,9.85,156.68,24.63,35.398,27.058,32.42,41.97,7.851,27.663,22.683,25.96,9.45,10.863,10.971,17.76
21.994,25.78,9.755,26.666,14.12,9.68,17.239,13.75,12.792,12.272,17.38,15.28,9.15,21.998,30.971,13.7,19.06,16.302,13.82,9.85,155.84,23.79,35.235,26.412,32.55,41.43,7.747,27.395,22.625,25.39,9.84,11.795,11.851,17.54
21.666,24.88,9,26.357,13.85,9.36,16.722,13.75,11.949,11.703,17.33,15.39,8.868,21.818,31.151,13.9,19.43,16.302,13.87,9.85,160.06,23.3,35.844,25.905,31.78,41.79,7.817,28.378,22.459,25.72,9.82,11.582,11.621,17.95
21.676,25.08,8.99,26.466,14,9.64,16.802,13.75,11.964,11.733,17.12,15.23,8.968,21.938,31.131,13.91,19.49,16.302,13.86,9.85,161.14,22.98,35.549,26.025,32.11,41.83,7.966,28.224,21.96,26.19,9.73,12.232,12.3,18.16
22.053,24.94,8.88,27.644,14.34,9.729,16.891,13.75,12.343,11.543,17.7,15.24,9.074,21.479,31.261,13.78,17.54,16.302,13.69,9.85,164.83,22.46,36.015,26.799,32.61,42.69,8.273,28.57,21.793,26.29,10.02,12.028,12.023,18.51
21.865,24.99,8.88,27.703,14.58,10.164,17.358,15.13,12.278,11.773,18.79,15.25,9.05,21.212,30.742,14.37,17.56,16.302,14.04,9.85,174.13,23.39,36.466,27.018,33.12,42.7,8.328,29.023,22.159,26.66,9.86,12.913,12.682,18.77
21.011,24.4,8.48,27.035,14.13,9.804,16.991,16.64,13.121,11.194,18.34,14.41,8.78,20.706,29.872,13.69,16.49,16.302,14.1,10.84,170.92,22.92,35.474,26.213,31.87,42,8.09,28.769,21.793,26.49,9.42,13.214,12.931,18.11
20.366,24.47,8.245,26.875,14.11,9.879,16.812,17.6,13.953,10.905,16.52,14.05,8.686,20.233,30.282,13.65,16.06,16.302,13.84,10.98,172.97,21.37,35.633,26.332,31.73,42.07,8.174,28.155,21.544,26.1,9.48,13.525,13.198,17.82
19.691,23.57,8.51,25.608,14.43,9.4,16.573,15.9,12.557,10.316,15.01,14.07,8.416,19.647,27.853,13,15.93,16.302,13.33,9.92,172.86,20,35.521,26.829,30.8,41.61,8.194,27.51,21.228,26.1,9.37,12.437,12.09,17.2
20.336,24.53,8.84,26.486,15,9.53,17.1,16.5,12.851,11.094,15.41,14.55,8.698,20.406,29.482,13.55,17.5,16.302,13.65,10.91,179.92,20.46,36.334,28.11,31.43,42.5,8.696,28.408,21.843,27.32,9.62,12.942,12.577,17.32
20.346,24.43,8.92,26.616,14.76,9.575,17.12,17,12.622,11.254,15.36,14.25,8.874,20.593,30.482,13.32,18.32,16.302,13.78,11.31,175.89,20.26,36.326,29.501,31.71,42.55,8.601,28.454,21.56,27.07,9.65,12.874,12.472,17.46
20.148,24.35,8.865,26.317,14.89,9.844,17.378,17.39,12.627,11.613,15.49,14.57,8.909,20.566,32.97,13.41,18.39,16.302,13.84,11.18,176.59,21.44,35.904,29.223,31.29,42.7,8.532,28.915,21.985,27.09,9.69,12.738,12.405,17.7
20.962,25.18,8.93,26.197,15.24,9.964,17.964,19.13,12.557,11.643,16.43,14.77,8.933,20.373,33,13.69,18.53,16.302,14.15,11.96,184.04,22.31,35.868,29.809,30.01,43.5,8.537,30.013,22.176,27.62,9.59,12.475,12.195,17.9
21.517,24.93,8.75,26.297,14.94,9.944,17.666,19.89,12.592,11.254,16.61,14.78,8.951,20.147,32.9,13.7,18.32,16.302,14.04,12.44,180.63,22.21,35.458,28.925,29.48,42.96,8.417,29.791,22.201,27.2,9.39,12.99,12.701,17.8
21.468,24,8.475,25.718,14.52,10.029,17.269,19.83,12.303,10.845,16.07,15.52,8.633,20.306,31.931,13.37,18.16,16.302,13.96,12.11,179.07,21.53,34.78,28.696,29.07,42.33,8.239,28.785,21.668,26.6,9.06,13.874,13.485,17.4
21.051,23.93,8.54,25.658,14.86,9.864,17.199,18.79,12.567,10.875,15.41,15.3,8.569,20.36,31.971,13.2,18.1,16.302,13.8,11.98,179.34,20.49,34.657,28.319,28.5,42.05,8.244,29.046,21.402,26.11,9.07,13.865,13.275,17.19
20.058,23.85,8.405,25.539,14.51,9.585,16.812,18.26,12.413,10.675,14.98,15.09,8.393,19.973,31.881,13.31,17.48,15.244,13.67,11.57,180.82,20.15,34.322,28.14,27.86,41.61,8.149,28.716,21.003,25.75,9.29,14.079,13.466,16.78
19.701,23.14,7.81,24.681,14.11,9.25,16.206,16.89,11.246,10.027,13.48,14.6,7.841,19.314,29.672,13.22,15.73,13.72,12.89,10.55,184.1,20.05,33.713,26.005,28.42,39.3,8.055,28.186,21.078,25.05,8.36,14.564,14.03,16.02
19.453,22.84,7.77,24.691,14.01,9.365,16.216,17.08,10.768,10.077,13.48,14.6,7.87,19.181,28.913,12.9,14.16,13.364,12.19,10.85,188.86,19.5,34.167,25.23,28.51,39.3,8.114,27.848,20.787,24.98,8.05,13.943,13.485,16.19
19.9,23.47,7.965,25.15,14.12,9.67,16.335,15.82,11.201,10.246,14.24,14.6,8.058,19.387,29.772,13.19,15.1,14.076,12.39,11.6,183.06,20.2,34.227,25.508,28.82,39.67,8.219,28.04,21.203,25.33,7.79,13.389,12.864,16.35
19.91,24.1,8.15,24.94,14.16,9.709,16.534,16.1,11.615,10.386,14.38,14.6,8.134,19.78,29.862,13.37,14.95,14.294,12.45,12.25,185.83,20.15,34.223,25.756,28.86,39.5,8.199,28.163,21.851,25.32,7.69,14.079,13.619,16.37
19.929,23.61,8.2,24.91,14.1,9.665,16.414,16.15,11.53,10.526,14.12,15.02,8.081,19.827,29.512,13.49,14.79,14.205,13.09,11.98,187.57,20.2,34.027,26.134,28.95,39.65,8.224,28.255,21.702,25.26,7.6,14.623,14.116,16.39
19.552,23.37,8.005,25.249,14.39,9.375,15.808,16.73,11.047,10.137,13.4,14.97,7.823,19.434,28.783,13.26,14.59,13.354,12.59,12.7,183.48,18.98,33.836,25.707,29.33,38.62,7.891,28.255,21.327,24.82,7.29,15.108,14.288,16.1
18.341,22.46,8.05,24.262,14.11,9.245,15.311,17.15,10.668,9.887,12.89,14.74,7.758,18.981,28.193,12.87,13.59,12.879,12.8,12.55,186.84,18.91,34.462,25.538,28.59,39.1,7.677,28.6,21.153,25.65,6.9,15.798,14.68,16.05
18.54,22.64,8.335,24.471,14.22,9.235,15.868,17.42,10.967,10.037,13.15,14.8,7.811,19.294,28.263,12.65,13.8,13.295,13.48,12.21,189.62,18.88,34.932,25.627,29.23,39.6,7.807,28.785,20.629,25.65,7.04,16.031,14.995,16.59
19.691,22.28,8.56,25.319,14.65,9.3,16.027,16.25,10.967,10.037,13.71,15.05,8.111,18.968,27.933,13.03,14.57,13.651,13.27,12.22,202.52,18.21,35.239,26.134,30.16,40.24,8.02,29.775,20.587,26.11,7.13,16.391,15.358,16.91
20.446,23.35,8.695,25.938,15.45,9.754,16.315,16.44,11.585,10.037,14.19,15.8,8.205,18.548,29.262,13.15,15.17,14.472,13.02,12.12,197.83,19.04,36.641,26.68,31.03,41.31,8.368,30.405,21.161,26.78,7.27,16.508,15.415,17.01
20.654,23.68,8.735,25.798,15.17,9.595,16.067,16.07,11.361,10.037,14.1,15.68,8.122,19.314,28.623,13.16,15.06,14.225,12.98,12.24,192.94,18.63,35.856,26.62,30.79,40.58,8.273,30.098,20.795,27.08,7.4,16.138,15.11,16.77
20.714,23.8,8.775,26.047,15.21,9.884,15.987,16.28,11.416,10.037,13.88,16.12,8.169,19.814,28.683,13.59,15.2,14.146,12.88,11.93,191.76,19.24,35.792,26.511,30.73,40.5,8.293,30.313,21.211,26.59,7.4,15.458,14.574,16.72
20.247,24.95,8.705,26.656,15.52,10.134,16.166,16.28,11.874,10.037,13.96,15.7,8.475,20.28,28.183,14.09,15.6,13.849,12.69,11.82,190.31,19.45,35.246,26.521,30.85,39.95,8.154,30.098,21.677,26.35,7.48,15.721,14.747,16.65
20.714,25.21,8.355,27.993,16.83,10.508,16.385,16.07,11.874,10.037,14.02,15.9,9.321,20.653,27.184,14.14,15.87,13.275,12.3,12.09,186.43,18.75,35.366,26.025,32.04,40.05,8.472,30.874,21.985,27.23,7.28,15.575,14.546,16.97
21.984,25.12,8.525,29.329,17.46,10.923,16.931,16.09,11.874,10.037,14.8,17.49,9.931,20.633,28.733,14.3,16.7,13.819,12.52,12.7,184.88,19.24,35.856,26.183,32.15,40.83,8.457,30.904,22.101,27.71,7.42,15.439,14.508,17.03
22.222,25.01,8.855,29.11,17.47,11.002,16.623,15.9,11.874,10.037,15.22,17.71,9.679,20.653,28.343,14.8,16.48,13.928,12.69,13.97,183.18,18.93,35.374,25.826,31.29,40.62,8.477,30.075,22.201,27.99,7.34,15.711,14.804,16.81
22.49,25.1,8.805,29.13,17.26,10.758,16.504,15.71,11.939,10.037,15.52,17.24,9.555,20.34,27.983,14.62,16.31,14.432,12.7,14.09,186.07,19.16,35.159,26.253,31.37,40.77,8.412,29.944,21.876,27.99,7.34,16.372,15.406,17.02
22.004,25.4,8.8,28.761,17.45,11.252,16.702,15.51,11.79,10.037,15.41,18,9.726,20.18,28.213,14.71,16.8,14.462,12.95,14.22,186.11,19.33,35.358,26.452,31.93,40.87,8.522,29.883,21.61,27.53,7.39,16.313,15.74,17.4
20.942,25.76,8.575,28.192,16.31,12.33,16.146,15.96,11.231,10.037,15.35,16.86,9.356,19.973,28.353,14.1,16.35,13.938,12.75,13.8,175.48,20.4,35.864,25.419,30.81,40.3,8.209,29.952,21.876,28.62,6.85,14.681,14.164,16.98
22.927,26.57,8.935,29.519,17.03,12.994,16.981,17.56,12.044,10.037,16.19,17.86,9.855,20.992,29.842,14.75,17.52,14.67,13.15,14.73,178.08,22.44,36.601,26.203,31.56,41.34,8.467,30.252,22.8,29.17,7.11,14.448,14.336,17.43
23.373,28.5,9.165,29.579,17.24,13.209,17.169,18.5,12.183,10.037,16.74,17.99,9.884,21.978,30.352,14.65,17.93,14.947,13.5,14.61,182.36,22.18,36.49,27.554,31.97,42.12,8.626,31.311,22.958,30,7.29,15.167,15.043,17.72
23.562,28.38,9.365,30.567,17.97,13.618,17.557,20.35,12.737,10.037,17.34,18.19,9.972,21.712,30.352,14.95,17.78,14.769,13.38,15.49,181.23,22.4,37.96,28.011,32.19,42.18,8.556,32.233,23.116,29.84,7.77,14.982,14.938,17.68
22.967,28.47,9.24,30.148,17.34,13.618,17.179,20.5,12.323,10.037,16.6,17.81,9.367,21.006,33.39,14.97,17.28,14.423,13.3,15.74,181.02,22.11,37.78,27.554,31.5,41.76,8.497,32.149,22.658,29.17,7.7,15.011,14.938,17.63
23.145,28.48,9.34,30.387,17.56,13.618,17.537,22.55,12.517,10.037,16.73,18.28,10.254,21.931,34.779,15.2,17.8,15.145,13.87,16,182.8,22.13,39.366,28.22,32.2,42.6,8.601,32.594,22.933,29.32,7.7,14.846,14.747,17.75
23.115,27.71,9.625,29.719,17.26,13.429,17.209,23.51,12.582,10.037,17.29,17.67,10.055,22.244,33.72,14.94,17.9,14.967,13.92,16.25,180.11,24.33,39.999,27.912,32.97,42.31,8.452,32.364,23.374,30.24,7.7,14.477,14.345,17.86
22.798,28.38,9.71,29.03,17.11,13.478,17.05,22.67,12.487,10.037,17.73,17.55,10.125,21.738,32.7,14.6,18.35,14.789,13.78,15.3,177.47,23.7,39.653,27.981,33.7,42,8.378,31.603,23.249,30,7.7,14.351,14.154,17.74
22.48,28.52,9.525,29.2,16.93,13.354,16.901,21.52,12.173,10.037,17.51,17.36,9.908,21.712,31.831,14.4,18.4,14.561,13.48,15.11,176.15,23.16,38.589,28.25,34.3,41.97,8.249,31.327,22.766,29.27,7.7,14.03,13.781,17.32
22.381,27.5,9.21,28.631,17,13.234,16.971,22.08,12.114,10.037,16.99,17.37,9.532,21.618,32.211,14.69,18.5,14.353,13.9,14.61,177.18,22.32,38.991,28.101,34.02,41.35,8.259,31.265,22.276,28.65,7.7,14.059,13.829,17.17
22.113,27.39,9.295,28.252,17.39,13.928,17.249,23,12.153,10.037,16.42,17.32,9.685,21.012,31.731,14.08,18.95,13.948,13.82,14.82,174.82,22.33,41.222,27.107,33.18,41.11,8.278,32.264,22.625,29.03,7.7,13.641,13.418,17.1
22.828,28.23,9.62,29.2,17.18,14.572,17.537,25.3,12.263,10.037,17.62,17.95,10.002,21.179,31.991,13.92,18.89,14.225,13.89,15.5,178.37,22.39,41.402,27.624,33.8,41.61,8.343,31.811,22.434,28.8,7.7,13.991,13.81,17.35
22.282,28.14,9.35,28.362,16.47,14.706,17.597,26.58,12.248,10.037,18.1,17.99,10.513,20.619,31.881,14.39,17.95,13.977,13.64,15.25,177.25,22.78,40.246,27.067,32.77,40.98,8.229,31.319,21.502,28.01,7.7,13.709,13.552,17.68
22.331,28.19,9.14,28.132,16.84,14.667,17.666,27.49,12.064,10.037,18.19,17.75,10.613,20.26,32.131,14.48,17.7,13.918,13.62,15.16,174.05,22.95,39.454,26.62,31.9,40.1,8.08,30.812,21.211,27.99,7.7,13.729,13.552,17.53
22.093,27.59,8.71,28.122,16.89,14.537,16.971,26.08,11.471,10.037,17.3,17.13,10.63,20.253,30.981,14.03,17.43,13.305,13.75,14.75,174.6,22.11,39.74,26.402,31.52,40,8.085,30.874,21.211,28,7.7,13.651,13.466,17.44
22.212,26.28,8.59,27.484,16.95,14.252,16.514,24.78,11.481,10.037,16.98,16.57,10.325,19.98,32.72,14.01,16.55,13.453,13.53,14.2,184.3,22.16,41.023,26.074,31.7,40.01,8.139,31.365,21.277,27.47,7.7,13.719,13.533,17.04
21.905,26.57,8.775,28.222,16.69,14.916,16.871,27.26,11.595,10.037,17.61,16.89,10.477,20.833,32.141,14.23,16.66,13.503,13.6,14.74,182.88,21.7,40.533,26.511,31.75,40.19,8.229,31.373,21.253,27.47,7.7,13.962,13.791,17.26
22.311,26.99,8.69,28.242,16.72,15.011,17.06,29.45,11.814,10.037,18.04,17.08,10.507,21.159,33.48,14.39,16.82,14.037,13.95,15.52,183.15,22.5,40.896,26.889,31.54,40.36,9.053,31.634,21.336,28.28,7.7,13.904,13.781,17.26
22.828,26.84,8.895,28.631,16.99,15.46,17.219,31,11.879,10.037,17.9,17.06,10.654,20.952,36.278,14.58,17.4,14.245,14.9,15.34,183.57,23.66,40.187,26.938,32.16,40.67,9.152,31.741,21.477,28.46,7.7,13.651,13.714,17.48
22.718,26.93,9.1,28.711,16.98,15.675,17.269,31.3,12.104,10.037,18.2,17.9,11.217,20.952,36.578,14.61,17.32,14.284,14.49,15.46,182.49,24.08,40.011,27.455,32.58,41.12,10.066,31.15,21.743,28.56,7.7,13.719,13.791,17.88
24.813,27.95,9.245,30.018,17.16,16.149,18.024,30.89,12.388,10.037,18.9,18.04,12.339,21.239,38.197,14.57,17.6,14.482,14.41,15.54,183.31,26.49,39.888,27.783,32.85,41.61,11.02,31.649,21.544,28.6,7.7,13.67,13.762,19.3
24.545,28,9.2,29.828,17.15,16.983,17.875,30.47,12.353,10.037,18.62,17.8,13.573,21.252,38.227,14.65,17.72,14.759,14.38,16.47,182.22,26.61,40.41,27.991,33.26,41.56,11.015,31.765,22.417,29.06,7.7,13.709,13.829,19.53
23.999,27.38,9.225,30.138,17.64,16.823,18.292,30,12.682,10.037,19.56,17.66,13.203,21.432,39.776,14.87,17.56,14.858,14.04,16.18,183.96,25.25,39.489,27.683,36.05,42.58,11.03,31.235,22.409,29.31,7.7,13.564,13.647,19.03
24.108,27.5,9.205,30.487,17.56,16.738,18.084,30.18,12.936,10.037,20.4,17.89,12.915,22.171,39.776,15.04,17.48,14.709,14.27,16.39,186.64,24.88,39.788,27.862,36.28,42.49,10.682,31.334,22.334,29.26,7.7,13.865,13.972,19.29
24.296,27.32,9.6,29.679,17.24,17.123,18.074,30.49,13.315,10.037,22.44,17.75,13.109,23.803,39.576,14.91,17.63,14.878,14.33,16.41,191.05,24.96,39.904,28.17,35.56,42.41,11.238,30.997,22.384,29.75,7.7,13.836,13.886,19.34
25.289,30.05,10.09,29.379,18.56,17.956,18.451,31.33,13.36,11.045,24.15,17.7,12.833,23.843,43.534,15.06,18.83,15.026,14.44,17.06,190.73,25.14,39.446,28.836,35.84,43.95,12.053,30.72,22.55,29.58,7.7,13.865,13.839,19.65
24.555,28.91,9.75,28.881,18.18,17.412,18.511,33,13.041,12.152,23.6,18.25,12.656,23.157,47.891,14.92,18.46,14.68,14.41,16.87,185.95,24.55,39.003,28.567,35.59,44.72,11.566,30.797,22.75,28.57,7.7,13.496,13.38,19.6
24.525,30.29,9.875,29.369,18.26,17.622,18.521,36.3,12.911,13.369,24.6,18.4,12.668,23.363,50.17,15.43,18.64,15.639,14.44,18.53,187.19,25.83,40.605,29.292,36.07,45.41,11.809,32.133,22.999,29.29,7.7,13.418,13.294,19.7
24.058,29.5,9.925,30.068,18.47,16.913,19.037,37.32,13.026,14.706,24.03,17.96,12.85,23.363,51.159,15.31,18.28,15.867,14.6,18.08,185.52,24.92,40.147,29.094,36.41,45.17,12.991,32.878,22.858,29.72,7.7,13.078,12.978,20.27
23.403,29.31,10.14,29.13,17.75,16.224,18.332,34.5,12.612,15.215,22.18,17.5,11.805,23.177,47.072,15.17,18.4,15.709,14.22,17.16,183.62,23.57,39.713,28.408,34.75,43.79,12.887,32.509,22.101,29.49,7.7,13.146,13.026,19.67
24.048,29.06,10.115,29.369,18.03,16.668,18.71,35.75,12.851,14.995,23.18,17.61,11.828,23.643,50.1,15.61,18.42,16.539,14.66,17.97,191.56,23.72,40.27,28.816,35.29,44.03,13.751,32.671,22.209,30.35,7.56,14.292,13.867,19.9
23.82,29.99,11.125,30.926,18.55,16.668,18.719,35.18,12.961,16.492,24.89,17.44,12.004,24.635,55.107,15.62,18.88,16.678,14.86,18.95,187.83,23.89,40.147,29.6,35.21,45.52,13.801,33.055,22.484,31.75,8.32,13.845,13.475,19.81
23.721,30.18,11.095,31.035,18.6,16.114,18.362,35.84,12.792,17.31,24.58,17.24,11.734,24.642,56.466,15.42,20.77,16.718,14.65,18.61,191.98,23.36,40.836,29.292,35.25,44.5,13.458,33.493,22.583,31.26,8.7,14.156,13.619,19.97
23.631,29.93,10.78,30.936,18.13,16.224,18.272,35.3,12.672,16.562,23.23,16.78,11.858,24.655,54.717,15.5,20.77,16.075,14.5,18.89,192.75,23.51,44.92,29.064,34.83,48.05,13.22,33.009,22.791,31.68,8.31,15.517,14.45,20.17
23.979,29.6,11.165,30.846,18.07,17.227,18.461,35.63,13.245,17.111,24.42,17.07,11.91,25.375,54.957,15.47,20.77,16.164,15.95,18.83,189.91,23.97,44.987,29.104,35.69,48.63,14.138,32.909,23.39,31.99,8.35,16.022,14.613,20.08
24.654,30.93,11.395,31.325,18.38,18.95,18.898,36.46,13.569,17.5,25.82,17.34,12.251,25.375,56.666,15.86,20.77,16.569,16.99,19,193.76,24.63,47.529,29.849,36.46,51.1,14.779,33.009,23.623,31.91,8.51,16.576,14.785,20.72
24.773,30.96,11.48,31.045,18.79,19.768,19.167,36.1,14.925,17.42,28,17.43,12.204,24.775,58.355,15.81,20.77,16.925,17.02,18.62,196.77,24.63,48.298,29.819,36.26,51.96,14.481,32.548,23.914,31.94,8.54,16.566,14.852,21.25
25.269,32.75,12.25,31.903,19.49,19.459,19.286,36.13,15.663,17.899,27.9,17.88,12.433,25.348,57.865,15.86,20.77,17.133,16.96,18.63,199.45,24.95,47.975,30.206,37.37,52.21,14.68,33.024,23.665,31.8,8.58,16.634,15.177,21.42
25.825,32.51,12.195,31.624,19.13,19.604,19.226,35.5,15.493,17.939,27.71,18.71,12.28,25.235,57.156,16.4,20.77,17.529,16.8,18.08,195.28,25.2,46.601,33.226,37.18,51.55,14.431,32.463,23.706,31.53,8.82,16.663,14.947,21.67
25.835,32.86,12.445,31.265,19.23,20.078,19.236,35.65,15.513,17.36,29.12,18.76,12.21,24.635,57.965,16.4,20.77,18.28,17.8,18.77,193.15,24.85,46.091,33.593,37.19,52.09,14.446,33.861,24.272,32.87,8.87,16.566,15.052,21.82
25.775,33.32,12.645,32.223,19.51,20.233,19.634,36.35,16.102,18.218,31.2,18.64,12.568,24.662,58.775,16.37,20.77,19.052,17.48,18.63,195.08,25.28,46.537,34.766,38.93,52.08,14.873,33.953,24.347,33.6,8.89,17.129,15.205,22.06
28.346,34.32,12.48,32.053,19.01,19.569,19.445,39.99,17.507,20.044,30.52,18.43,12.862,25.301,57.715,16.03,20.77,19.378,17.2,18.76,195.69,25.69,48.21,34.269,38.5,51.5,14.794,33.569,24.18,36.82,8.69,16.809,14.995,22.43
29.735,36.1,13.3,32.671,18.7,20.822,20.16,42.7,18.091,21.9,29.63,18.28,12.733,24.962,63.492,16.67,20.77,18.439,17.21,19.88,192.78,26.8,46.88,33.872,39.42,52.72,15.787,34.706,26.06,35.09,8.91,16.245,14.565,22.43
28.584,34.77,12.98,31.784,18.68,19.973,19.991,41,16.979,20.553,27.29,18.9,12.292,24.322,60.883,17.51,20.77,18.003,17.86,19.21,198.56,25.08,46.175,33.405,39.41,51.72,14.814,34.729,26.035,34.42,8.97,16.546,14.68,21.96
28.961,35.58,13.695,31.684,18.93,21.97,19.961,40.45,16.74,20.732,27.61,18.95,12.357,24.309,61.763,17.64,20.77,18.923,18.62,19.47,194.55,25.18,46.051,33.802,40.93,52.21,14.948,34.161,26.534,34.44,8.88,16.517,14.68,22.84
28.564,35.99,14.06,32.272,19.44,23.512,20.19,41.68,16.914,21.55,27,19.75,12.386,25.175,56.916,18.04,20.77,19.032,18.25,19.96,196.77,25.18,46.199,34.348,41.5,54.82,15.39,34.668,26.618,35.41,8.88,17.975,15.31,23.03
29.011,37.51,14.99,33.22,21.26,25.864,20.617,41.84,17.198,22.388,27.64,19.19,12.856,25.408,57.945,17.94,20.77,18.706,18.19,20.28,195.96,25.26,46.414,34.865,39.81,54,15.4,35.405,26.684,35.87,9.05,17.839,15.091,23.24
31.462,41.26,14.855,33.699,21.7,27.007,22.684,42.3,17.567,24.623,28.55,19.58,13.99,26.294,59.464,18.5,20.77,19.082,18.1,20.34,195.34,25.5,47.609,35.262,39.98,54.65,15.653,37.225,26.934,36.43,9.13,17.868,15.243,24.83
31.899,43.92,14.69,35.225,21.95,29.707,23.926,45.35,17.797,27.088,29.3,20.48,13.661,25.921,63.782,18.17,20.77,18.963,18.28,20.61,194.58,27.31,49.394,36.057,39.82,54.89,16.13,37.202,27.1,35.34,9.43,17.605,15.463,25
31.74,43.22,14.37,35.205,21.83,31.649,23.767,45.95,18.903,29.801,28.96,21.8,13.584,26.147,70.158,17.99,20.77,19.022,20.11,20.45,196.81,27.57,49.951,36.484,40.01,55.31,16.249,37.448,27.158,34.42,9.74,18.12,15.482,25.65
31.591,43.55,14.95,35.764,21.91,31.3,23.777,46.4,18.998,28.913,28.3,21.8,13.52,26.007,76.154,18.04,20.77,20.447,20.45,21.83,200.67,29.31,49.876,36.981,41.28,57,17.873,37.709,27.516,34.87,9.81,19.228,15.97,27.46
29.636,42.42,15.245,34.597,22.45,29.852,23.29,45.35,18.106,26.888,26.57,21.8,12.856,25.301,71.407,17.55,20.77,19.794,20.08,22.46,204.5,30.16,48.967,35.6,39.82,55,19.238,37.847,27.2,34.51,9.47,19.889,16.266,27.44
28.445,40.01,14.865,34.347,21.7,29.892,22.505,47.61,18.609,26.01,25.44,20.33,12.333,24.436,71.147,17.3,20.77,18.904,19.45,22.2,200,31.09,47.792,34.487,39.24,53.64,19.238,37.916,27.02,33.38,9.15,19.267,16.123,26.58
29.309,40.82,15.03,34.008,21.98,30.506,23.35,49.4,18.833,26.299,25.91,20.88,12.68,25.142,69.968,17.44,22.85,19.21,20.88,24.42,200.22,33.9,50.947,35.699,39.78,56,19.511,39.314,27.23,34.75,9.4,19.811,16.753,28.86
29.666,41.3,14.695,34.088,21.87,29.927,23.618,49.4,18.908,25.63,25.55,20.78,13.103,25.974,69.948,17.65,25.14,19.289,22.1,26.7,203.9,34.36,54.354,38.292,42.15,58.31,18.866,41.126,27.68,35.84,9.76,20.102,17.231,28.41
30.331,39.46,14.315,33.46,22.98,28.459,24.522,52.7,18.405,24.68,26.38,20.72,13.126,26.613,68.559,17.53,25.75,20.269,21.01,26.77,206,33.49,57.147,37.557,41.3,57.89,18.429,40.735,27.8,35.05,9.5,19.597,17.098,28.42
28.912,38.7,14.15,33.41,21.84,26.358,22.962,52.7,17.383,24.46,25.25,19.61,12.327,26.733,66.31,16.49,24.24,19.171,20.87,28.74,205.7,30.8,54.76,36.643,39.5,54.85,17.098,41.902,26.4,33.31,9.24,19.481,17.164,27.48
28.991,39.39,14.375,33.4,21.88,26.807,23.091,52.7,17.642,25.8,25.01,19.8,12.65,27.859,66.34,16.6,24.11,19.863,21.1,31,226.27,31.86,60.234,36.742,40.1,55.33,17.312,42.317,26.93,33.97,9.37,19.957,17.824,28.04
28.703,39.64,14.575,33.4,22.13,29.488,23.091,52.7,17.787,26.38,24.89,19.84,12.897,27.326,66.34,16.8,24.26,21.851,21.07,31,232.56,31.98,57.764,36.206,40.43,54.3,17.376,41.848,26.76,33.4,9.36,19.976,17.776,28.28
27.701,39.43,14.13,33.4,22.03,29.742,23.528,52.7,16.869,24.38,23.77,19.63,13.185,25.874,63.492,16.48,23.28,22.069,21.55,31,234.03,33.19,53.621,34.825,39.02,52.08,17.535,41.295,25.38,32.55,9.02,18.907,17.107,28.19
28.564,41.38,14.675,33.4,22.91,30.491,24.522,52.7,18.365,25.19,25.23,20.45,13.52,27.14,66.23,16.96,25.2,22.89,23.71,30.14,257.43,33.43,55.139,36.236,40.4,53.7,18.111,43.438,26.66,33.54,9.28,19.189,17.356,28.19
29.229,43.27,15.375,33.4,22.99,30.896,24.542,52.7,18.23,25.81,25.95,20.63,13.813,29.604,68.119,17.17,25.04,22.752,23.64,32.02,263.89,35.51,56.553,36.683,41.04,54.26,18.126,44.69,27.01,34.34,9.61,20.112,17.681,28.19
29.765,43.17,15.51,33.4,23.88,31.075,25.695,52.7,17.497,25.69,26.46,20.49,14.483,30.902,71.287,17.66,24.75,22.752,23.83,33.77,256.04,37.68,55.282,37.577,41.33,57.15,17.669,44.175,26.63,34.39,9.7,19.578,17.413,28.19
30.39,42.73,15.615,34.906,23.51,34.185,28.268,52.7,17.477,24.54,26.27,22.4,13.89,32.188,72.347,17.23,24.48,22.752,23,32.23,258.49,38.66,54.386,38.043,40.38,55.92,17.927,43.745,26.99,36.05,10.16,18.791,16.897,28.19
30.44,44.14,16.055,34.168,23.1,31.18,27.433,52.7,17.368,24.79,25.85,22.1,13.702,32.128,70.298,16.95,24.45,22.158,22.98,31.13,255.79,38.61,54.927,39.136,40.31,57.44,18.379,43.945,27.02,37.87,10.18,19.073,17.365,28.19
29.487,39.73,15.295,32.183,21.72,28.964,27.523,52.7,16.376,23.31,24.86,21.17,12.915,30.809,65.621,16.19,23.35,20.753,21.97,31.85,247.89,39.17,55.083,37.05,38.92,52.35,18.037,42.639,26.93,37.42,9.72,19.364,17.489,28.19
31.403,40.6,15.83,32.691,22.07,30.037,27.96,52.7,16.939,25.29,26.91,21.95,13.255,31.235,68.549,17.6,23.65,20.852,22.22,31.74,249.78,39.13,55.704,37.954,39.38,53.49,19.839,43.507,27.62,38.95,9.86,19.199,17.709,28.19
30.46,39.8,16.055,32.632,22.1,28.604,26.877,52.7,17.308,25.45,28.02,21.68,13.056,31.249,66.96,17.25,24.08,22.208,21.7,31.1,252.23,40.93,55.84,37.05,39.19,53.44,19.065,43.784,28.43,37.97,9.88,18.859,17.27,28.19
32.445,39.63,15.915,32.183,23.43,28.749,26.678,52.7,17.647,26.64,28.45,21.4,13.655,32.008,67.729,17.78,24.97,22.049,21.09,29.51,254.97,41.96,55.724,36.454,39.28,56.04,19.065,42.87,29.56,37.53,9.98,18.577,17.021,28.19
32.485,38.6,15.08,32.392,22.73,27.206,25.814,52.7,17.258,25.56,26.83,20.36,12.938,30.629,67.849,17.33,24.27,21.011,20.49,28.5,240.95,43.58,54.378,35.391,38.11,55,18.642,43.715,29.63,36.31,10.98,17.576,16.323,28.19
32.425,37.95,14.685,32.921,23.76,27.656,25.754,52.7,17.153,25.35,26.55,20.31,12.421,30.636,67.959,16.6,23.59,20.803,20.22,28.7,242.68,41.95,55.366,34.338,37.69,55.8,18.479,44.26,29.68,35.98,10.89,17.557,16.304,31.01
31.006,36.31,15.075,33.41,22.15,26.957,25.734,52.7,16.69,24.7,25.81,20.34,12.01,29.784,65.481,15.42,24.3,19.6,20.93,28.74,244.93,40.5,55.9,34.418,37.96,56.15,17.361,43.361,28.4,36,11.59,17.567,16.314,28.11
32.048,39.62,15.995,33.988,23.34,28.949,26.728,52.7,17.92,25.98,27.5,20.45,12.304,30.21,69.688,15.9,25.3,20.38,21.53,30.39,254.17,42.42,60.553,35.54,38.77,61.77,17.659,43.546,28.97,36.95,11.86,17.605,16.352,28.96
34.539,41,17.505,35.325,24.08,31.395,27.841,52.7,19.25,28.1,29.07,21,12.874,32.761,76.654,16.2,25.88,22.15,22.39,31.7,257.44,46.66,61.421,36.782,39.88,64.63,18.205,44.621,29.95,37.77,11.94,18.159,16.505,31.86
34.579,40.91,17.69,35.315,24.14,31.699,27.622,52.7,20.08,28.6,28.82,21.35,13.39,36.037,83.95,16.34,28.47,22.68,23.44,31.4,254.42,51.33,61.74,37.199,39.44,63.4,18.27,45.435,32.95,38.1,11.6,18.266,16.476,33.29
33.725,41.47,17.775,35.145,23.47,31.889,28.268,52.7,19.3,28.02,30.18,21.3,13.514,36.63,79.033,16.36,29.95,23.49,25.12,32.99,256.4,53.46,63.505,37.696,40.29,63.5,18.786,44.713,33.03,40.12,11.79,17.848,16.314,34.13
34.033,41.15,17.44,35.535,24.3,30.51,27.553,52.7,19.28,27.55,29.76,21.25,13.978,35.731,80.442,16.26,29.68,23,25.26,32.1,251.41,53.46,62.226,37.934,39.73,62.83,18.429,44.352,33,39.47,12.97,17.537,16.237,34.67
33.308,41.02,16.9,34.786,23.48,32.2,26.46,52.7,19.27,26.12,28.55,21.58,13.637,36.244,78.353,16.25,28.99,23.5,25.05,30.23,245.17,53.46,60.405,36.573,39.1,62.83,17.54,43.054,33.5,38.38,12.78,17.392,16.037,33.99
35.095,41.75,16.9,34.587,23.13,32.2,26.619,52.7,19.91,26.67,30.45,22.84,14.089,37.296,82.85,16.84,30.47,24.78,27.54,30.07,241.14,53.46,60.899,40.229,39.65,66,17.48,42.87,34.2,39.44,13.23,17.246,15.654,34.72
37.05,44.45,16.9,35.744,23.58,32.2,27.811,52.7,20.06,26.81,31.33,22.73,14.571,37.602,91.135,17.06,31.4,25.24,30,30.91,250.04,53.46,62.135,42.027,40.95,66.26,18.836,43.546,34.2,40.67,13.29,18.043,16.285,35.15
37.1,48.9,16.9,36.353,24.37,32.2,28.268,52.7,21.5,28.1,32.09,22.55,14.365,39.953,99.32,17.22,32.35,27.57,31.48,32.81,253.95,53.46,63.931,41.858,41.6,66.79,18.568,44.206,33.85,41.85,13.73,18.072,16.39,36.01
38.201,49.63,18.59,38.677,25.91,32.2,29.738,52.7,23.65,29.83,33.33,23.41,14.906,42.478,95.443,17.51,33.55,30.19,33.4,36.09,258.59,53.46,65.302,42.702,45.55,68.71,20.425,45.788,33.57,44.22,14.07,18.111,16.553,36.19
38.003,47.97,20.165,38.338,25.77,32.2,29.222,52.7,23.82,28.98,34.07,23.51,14.671,42.517,93.144,17.37,33.29,29.84,31.86,36.09,275.86,53.46,65.23,42.762,44.98,69.4,20.718,45.965,32.94,44.64,14.3,18.985,16.973,35.32
38.966,47.3,20.71,38.697,27.42,32.2,29.689,52.7,26.11,28.95,36.4,23.78,15.07,45.008,89.836,17.91,33.08,30.96,32.05,36.32,286.83,53.46,70.939,44.947,46.13,70.65,21.736,46.318,33.15,46.64,14.79,19.588,17.336,35.39
41.447,49.82,22.56,39.784,30.16,32.2,31.09,52.7,28.72,29.9,37.49,24.74,15.581,45.06,91.445,18.57,33.69,31.23,32.74,37.57,285.54,53.46,72.059,46.576,47,71,22.337,49.098,35.19,47.33,16.18,19.51,17.575,35.85
43.015,51.7,23.895,40.632,30.08,32.2,30.94,52.7,29.65,32.72,36.45,24.72,15.387,45.98,88.147,19.1,33.28,30.51,34.88,36.2,276.9,53.46,75.31,45.632,46.8,69.25,22.029,51.648,34.43,47.81,15.85,19.18,17.27,34.58
38.866,46.53,22.015,36.911,30.08,32.2,29.75,52.7,26.69,32.85,33.4,24.92,14.853,42.15,87.048,17.72,31.49,28.95,31.7,32.58,261.11,53.46,72.672,41.719,44,65.25,19.874,46.717,32.21,43.91,14.27,18.04,16.285,33.53
39.72,45.98,20.43,40.602,30.08,32.2,30.87,52.7,27.55,36.14,33.58,25.97,15.857,42.29,91.945,17.2,31.49,29.28,31.7,31.15,263.83,53.46,79.939,42.543,44.8,65,20.088,48.192,33.1,45.63,13.85,17.99,16.285,33.91
41.764,50.58,21.6,44.204,30.08,35.42,33.96,52.7,28.36,39.75,35.82,27.88,17.22,43.11,101.139,17.94,32.7,31.14,33.67,33.03,271.46,53.46,87.935,45.583,47.99,67.29,22.099,50.243,34.91,50.19,15.24,18.71,17.136,36.22
43.303,53.61,22.28,44.573,30.08,36.72,36.49,52.7,29.11,38.92,39.4,27.78,17.989,43.15,103.938,18.5,35.97,34.25,37.04,34.48,266.62,53.46,90.859,47.361,49,70.88,23.812,49.237,35.96,51.92,16.76,18.57,17.05,37.72
43.978,51.74,21.6,42.877,30.08,34.3,35.56,52.7,28.6,40.79,39.89,27,18.153,41.09,100.04,18.84,38.48,36.08,35.65,36.76,262.79,53.46,89.596,45.871,48.54,73.31,22.829,47.347,39.56,51.92,17.62,18.56,17.107,36.87
42.807,50.68,21.15,41.899,30.08,33.55,36.01,52.7,28,37.02,39,26.36,18.371,39.98,108.135,18.62,38.4,35.1,34.18,36.45,258.21,53.46,98.56,45.195,47.3,72,22.685,45.558,39.58,51.92,17.15,19.52,17.805,35.44
41.248,50.12,22.59,41.79,30.08,32.69,36.01,52.7,28.52,37.96,39.49,26.54,18.717,40.8,115.93,20.48,39.2,35.31,35.15,35.88,253.84,53.46,92.18,45.265,49.2,70.75,22.501,46.825,38.66,51.92,17.18,19.3,17.614,36.42
39.75,49.28,22.37,40.054,30.08,35.61,36.01,52.7,27.53,35.51,36.6,25.81,17.549,38.72,107.735,20.48,38.15,35.68,33.43,34.04,264.64,58.81,83.6,44.649,48.05,69.07,23.017,45.604,37.7,51.92,16.5,20.68,17.614,37.35
39.25,48.51,21.69,40.662,30.08,39.17,36.01,52.7,27.12,34.26,36.75,25.9,16.75,39.1,103.858,20.63,37.2,35.74,33.05,34.22,259.03,64.69,80.93,44.77,47.6,69.56,22.69,45.627,37.21,47.31,17.47,20.12,17.614,39.19
40.99,48.99,21.48,42.687,30.08,39.15,36.01,52.7,27.4,35.29,38.16,26.87,17.32,41.53,104.397,21.25,37.72,36.54,35.02,34.89,261.05,71.16,82.87,45.89,48.52,69.85,24.959,46.986,38.1,48.29,17.8,19.92,17.614,39.3
39.99,47.83,20.8,42.418,30.08,42.62,36.01,52.7,27.99,36.71,39.4,26.41,17.92,42.27,106.816,21.52,37.35,35.54,37,34.18,260.06,78.28,81.18,46.97,50.2,70,24.795,47.992,38.57,48.58,17.81,19.7,17.614,39.38
41.18,48.13,20.66,43.12,30.08,44.11,36.01,52.7,28.29,38.87,40.69,28.35,18.1,41.85,108.935,21.46,39.9,38.33,38.09,33.86,266,80.46,79.87,47.55,50.09,71.29,24.82,47.977,40.53,52,19.12,20.04,17.614,38.62
39.99,46.74,19.67,41.41,30.08,42.89,39.61,52.7,28.62,34.98,38.46,29.61,17.1,39.3,107.436,21.74,39.69,38.2,39.46,33,260.89,72.41,77.87,45.2,51,67.38,23.345,45.96,40.42,50.27,18.75,19.12,17.614,36.69
37.4,43.87,18.06,39.92,33.09,43.59,36.8,52.7,26.26,32.2,35.66,28.23,16.07,37.88,102.938,23.07,37.97,35.26,39,31.2,253.95,71.23,73.18,43.12,50.5,66.52,23.39,43.71,43,48.56,17.43,18.79,17.614,37.06
38.59,45.45,18.72,40.82,32.95,42.5,35.85,52.7,27.17,34,37.79,28.2,16.48,38.95,107.935,23.05,38.11,35,38.52,31.85,255.09,71.23,74.99,44.47,49.7,67,22.7,44.52,43.17,48.58,17.99,18.9,17.394,37.37
37.53,42.76,18.85,38.5,29.66,40.7,34.45,52.7,26,32.7,35,26.7,15.72,36.42,99.96,23.71,36.67,33.31,37.2,29.73,243.97,64.11,69.93,43.22,48.2,64.77,21.6,42.83,41.29,45.78,17.85,18.01,16.935,38.29
35.17,39.8,16.97,37,30.24,36.63,31.52,52.7,23.48,29.43,31.5,25.6,14.15,32.94,94.743,21.53,33.85,30.26,33.48,26.76,235.31,57.7,65.03,40,45.5,61.55,19.44,41.89,40,42.19,16.07,17.22,16.314,34.46
36.3,40.4,16.78,38.96,33.14,39.2,33.1,52.7,24.15,29.54,32.88,25.89,15.57,33.4,90.246,23.59,34.9,31.26,34.82,26.86,252.25,57.24,71.26,41.44,46.2,62,19.31,45.27,38.62,43.3,15.66,17.73,17.02,33.12
37.54,41.35,17.16,39.91,33.89,39.68,33.7,52.7,25.64,28.79,33.67,26.3,16.13,33.4,90.25,24.21,33.85,30.49,34.4,27.17,261.21,60,74.79,41.59,46.2,62.08,19.45,45.16,39.7,43.75,16.22,17.82,17.25,33.67
